
[
    {
    "name":"Order delivered after the estimated date",
    "query":"SELECT order_id, order_purchase_timestamp, order_estimated_delivery_date order_delivered_customer_date FROM orders_dataset WHERE order_delivered_customer_date> order_estimated_delivery_date"
    },
    {
    "name":"Total number of orders and the average price per customer",
    "query":"SELECT c.customer_id, c.customer_city, COUNT(o.order_id) AS total_orders, AVG(oi.price) AS average_price FROM customers_dataset c JOIN orders_dataset o ON c.customer_ido.customer_id JOIN order_items_dataset oi ON o.order_id oi.order_id GROUP BY c.customer_id, c.customer_city"
    },
    {
    "name":"Top 5 products based on the highest number of orders",
    "query":"SELECT p.product_id, p.product_category_name, COUNT(oi.order_item_id) AS total_orders FROM products_dataset p JOIN order_items_dataset oi ON p.product_id = oi.product_id GROUP BY p.product_id, p.product_category_name ORDER BY total_orders DESC LIMIT 5"
    },
    {
    "name":"Sellers who have shipped products to more than 3 different states",
    "query":"SELECT s.seller_id, s.seller_city, COUNT (DISTINCT c.customer_state) AS total_states FROM sellers_dataset s JOIN order_items_dataset oi ON s.seller_id oi.seller_id JOIN orders_dataset o ON oi.order_id=o.order_id JOIN customers_dataset c ON o.customer_id = c.customer_id GROUP BY s.seller_id, s.seller_city HAVING COUNT (DISTINCT c.customer_state) > 3"
    },
    {
    "name":"Highest-rated product category based on average review score",
    "query":"SELECT p.product_category_name, AVG(orv.review_score) AS average_review_score FROM products_dataset p JOIN order_items_dataset oi ON p.product_id = oi.product_id JOIN orders_dataset o ON oi.order_id= o.order_id JOIN order_reviews_dataset orv ON o.order_id=orv.order_id GROUP BY p.product_category_name ORDER BY average_review_score DESC LIMIT 1"
    },
    {
    "name":"The most common payment type",
    "query":"SELECT payment_type, COUNT(*) AS payment_count FROM order_payments_dataset GROUP BY payment_type ORDER BY payment_count DESC LIMIT 1"
    },
    {
    "name":"Top 3 cities with the highest number of orders",
    "query":"SELECT c.customer_city, COUNT(o.order_id) AS total_orders FROM customers_dataset c JOIN orders_dataset o ON c.customer_id= o.customer_id GROUP BY c.customer_city ORDER BY total_orders DESC LIMIT 3"
    },
    {
    "name":"Total sales amount by product category",
    "query":"SELECT p.product_category_name, SUM(oi.price) AS total_sales FROM products_dataset p JOIN order_items_dataset oi ON p.product_id = oi.product_id GROUP BY p.product_category_name ORDER BY total_sales DESC"
    }
]